title,location,points,comments,img_link,visitor,say
北京动物园,北京市西直门外大街137号,4.5,(6050条点评),https://dimg04.c-ctrip.com/images/1A0a180000015a3d9EE3E_C_220_140.jpg,特如达vivian,非常值得一玩，我一个人都玩得兴趣盎然，更适合带宝宝去认识小动物，认识一下其他与人类共存于地球的其他生物和动物，很棒，很喜欢
中国科学技术馆,北京市朝阳区北辰东路5号,4.6,(5181条点评),https://dimg04.c-ctrip.com/images/100s0u000000j0c24DFE2_C_220_140.jpg,不加油的大白兔,小朋友挺喜欢的！也佷有教育意义！老师在课堂上很生动！与小朋友的互动性比较强！增加了小朋友的兴趣！下次还会继续参加这类活动！
奥林匹克公园,北京市朝阳区北辰东路15号,0,(暂无点评),https://dimg04.c-ctrip.com/images/100b1f000001gsmfgB4A5_C_220_140.jpg,暂无游客评论,暂无用户评价
北京野生动物园,北京市大兴区榆垡镇永定河畔的万亩林,4.7,(24086条点评),https://dimg04.c-ctrip.com/images/10030c00000063u6rBDAE_C_220_140.jpg,鲤鱼游,这里果真算是最大的野生动物园，如果用腿走是真的要累断腿的节奏，但真的也适合小朋友来玩，让小朋友近距离接触动物是件特别快乐的事情。
鸟巢(国家体育场),北京市朝阳区国家体育场南路1号,4.6,(2865条点评),https://dimg04.c-ctrip.com/images/fd/tg/g2/M06/88/23/Cghzf1WwtEiAJ2cqAAocVn4isuk274_C_220_140.jpg,M13****567,鸟巢的顶端还是值得去感受一下的，父亲喜欢体育，此次深入鸟巢里观看，感觉非常满意，相比在室外观看鸟巢外观，进入内部的体验感更强。
什刹海,北京市西城区东起地安门外大街北侧、南至新街口北大街、西至新街口豁口、北至钟、鼓楼的区域,4.7,(2088条点评),https://dimg04.c-ctrip.com/images/010691200082f4a1h9957_C_220_140.jpg,奔跑在南方的小哥,晚上的夜景非常漂亮，热闹非常的酒吧街，成为了这里一道更加绚丽多彩的风景线，很多明星成名前都曾在这里驻唱，也是比较出名的酒吧街。 这里是北京市历史文化旅游风景区和历史文化保护区，拥有丰富的历史文化遗产，这一带也是原老北京主要的商业活动区。随着游客的增多，这里逐渐出现了一些古文化商店、小吃街和酒吧等，一处具有丰富历史文化内涵的旅游胜地，游客可以在这里欣赏美丽的湖光山色，感受古老北京的历史风貌，也成为了京城文化街之一。
古北水镇,北京市密云区古北口镇司马台村古北水镇,4.7,(13082条点评),https://dimg04.c-ctrip.com/images/0104r120008wxqnbrC251_C_220_140.jpg,hmlmk,古北水镇的景色非常美丽，充满了中国传统文化的氛围。漫步在小镇的街道上，仿佛穿越到了古代，感受到了历史的沉淀。这里的建筑风格独特，古色古香，非常有特色。同时，古北水镇周边的自然风光也非常美丽，山水相依，景色宜人，是一个非常适合度假的地方。服务非常到位，工作人员热情友好，能够及时解答游客的问题。餐饮非常丰富，有各种各样的美食，能够满足不同游客的口这里的景色美丽，服务周到，餐饮丰富，交通便利。推荐
中国人民革命军事博物馆,北京市海淀区复兴路9号,0,(暂无点评),https://dimg04.c-ctrip.com/images/100j0u000000iug4y9D94_C_220_140.png,暂无游客评论,暂无用户评价
明十三陵,北京市昌平区十三陵镇昌赤路,4.5,(4052条点评),https://dimg04.c-ctrip.com/images/100m1f000001gznjj0C53_C_220_140.jpg,匿名用户,十三陵是中国明朝皇帝的陵墓群，位于北京市昌平区，是世界上保存最完整、规模最大的皇家陵寝群之一。这里埋葬了明朝的十三个皇帝，其中长陵是明成祖朱棣和皇后徐氏的合葬陵寝，定陵是明朝万历皇帝朱翊钧的陵墓。十三陵的建筑风格独特，体现了中国古代传统的建筑美学。整个陵墓群布局严谨，中轴线对称，每一座陵墓都按照严格的等级和规制建造。其中，长陵和定陵是最为宏伟的陵墓之一，建筑精美，气势磅礴，给人留下了深刻的印象。除了建筑美学价值外，十三陵还具有重要的历史和文化价值。它是明朝时期的重要文化遗产，见证了明朝时期的政治、经济和文化发展。同时，十三陵也是中国古代丧葬文化和祭祀文化的重要代表之一，对于研究中国古代文化和历史具有重要意义。然而，十三陵也因为自然灾害和人为因素而遭受了不同程度的破坏。为了保护这些珍贵的历史遗产，政府采取了一系列的保护措施，如加强文物保护、修复和监管等。同时，也通过旅游开发等方式推动当地经济的发展。
景山公园,北京市西城区景山前街景山公园,4.7,(3191条点评),https://dimg04.c-ctrip.com/images/10091f000001gsmf0CEC2_C_220_140.jpg,没有名字的美景啊,景山公园位于北京市西城区景山前街，坐落在明清北京城的中轴线上，西临北海，南与故宫神武门隔街相望，是明、清两代的御苑。公园中心的景山为堆土而成，曾是全城的制高点，可以远眺故宫博物院。公园内有绮望楼、五方亭、寿皇殿、永思殿、牡丹园等景点。
雍和宫,北京市东城区雍和宫大街12号,4.7,(1896条点评),https://dimg04.c-ctrip.com/images/100o0b0000005z27w2021_C_220_140.jpg,M27****0913,京状元王老师的讲解太棒了，对于历史典故和藏传佛教的了解讲述及文化的传播都做的非常的到位，了解到了许多礼佛敬香的知识，非常值得的一次旅行
国家自然博物馆,东城区天桥南大街126号,4.6,(1171条点评),https://dimg04.c-ctrip.com/images/0100a120008c2joa7AFF8_C_220_140.jpg,西单大叔,最熟悉的“新”博物馆——“国家自然博物馆”初体验 自然博物馆是从小逛得最多的一个博物馆了，因为生活、上学都在南城，离自然博物馆不远，所以就常来逛，其实多数是学校组织，记得上小学、上初中，学校组织的一半活动都是自然博物馆吧，离学校近、地方够大、还涨知识，省心又有意义，何乐而不为呢？后来有孩子了，也爱带孩子来，有这么多各种各样的动植物标本，尤其是巨型的恐龙骨架化石、大象骨架化石，纪念品商店里还有好多动物玩具，小孩子哪能不爱？所以之前对自然博物馆的印象就是无比熟悉、有很多童年/青春回忆、适合平常遛娃，那会儿这里还叫“北京自然博物馆”呢。然后孩子长大了，又赶上持续疫情，也就连续几年没再来逛过。没想到，疫情之后博物馆参观重新恢复正常，却异常火爆起来，成了“最难约的博物馆”，还升格成了“国家自然博物馆”，这样一来那我就得专程再来看看这家“最熟悉”的“新”博物馆了。 自然博物馆在北京中轴路东侧，永定门到正阳门之间，也就是著名的“天桥”旁。说到“天桥”，以前是真的有一座石拱桥的，因为皇帝从故宫出来南行去天坛、先农坛举行祭祀仪必由此处经过，所以被称为“天子之桥”，这就是“天桥”名号的由来，后来光绪年间整修马路、民国时修有轨电车道，天桥逐步消失，如今在原处复建了一座石拱桥，就在自然博物馆前中轴路上向北一二百米的地方，桥南侧还有乾隆御笔的碑。今天早上到得早，博物馆还没开门，我就先去天桥边坐了坐，现在是街心公园了。 都说自然博物馆难约，其实也不难，毕竟每天有5200张散客票，提前两天的11点开放预约，只要11点准时去预约，基本都能约上，这哪能有“燕京八绝博物馆”难约，人家每天就几十张票，那才是真正难约。九点钟准时进馆，刷身份证很方便，人多但好在博物馆很大，进去就显不出拥挤了。博物馆建筑面积有2.3万平米，展厅有三层，负一层是个“恐龙公园”，里面是个恐龙时代的布景，都是一些会动的恐龙，很吸引小朋友；一层、二层是基本陈列展厅，主要展示古代动物、古代植物、人类起源、神奇非洲等等主题，馆藏37万件展品，内容非常丰富，有很多珍惜的标本让人大开眼界；三层是4D影院，这里是不能提前预约的，只能现场买票，如果要看的话建议赶早入场，然后一进馆先去一楼大厅买票，不然就很难买到了。
北京海洋馆,北京市海淀区高粱桥斜街乙18号,4.4,(5316条点评),https://dimg04.c-ctrip.com/images/100f1f000001gq9cx0533_C_220_140.jpg,白猫警长4851,海洋馆是北京众多海洋馆中最丰富多彩的一个。里面很大，可参观的种类很多，好好逛的话，逛一天都逛不完，我们主要看了一个表演，等了大概半个小时才开场，好在节目很精彩，大家都很热情。看到了海洋动物的精彩表演还是小丑带动气氛，值回票价。
北京欢乐谷,北京市朝阳区东四环小武基北路(欢乐谷景区地铁站B东北口步行170米),4.7,(15394条点评),https://dimg04.c-ctrip.com/images/10091f000001gsov1E90E_C_220_140.jpg,白猫警长,游乐设施新鲜多样，排队时间短，园区内有制冷器，吃喝玩乐一应俱全，主推过山车，七大过山车专治各种小孩，最后再来个激流勇进清爽一夏!一天全部刷完所有项目，有的还能二刷，老刺激啦!
国家大剧院,北京市西城区西长安街2号,4.7,(1754条点评),https://dimg04.c-ctrip.com/images/100i13000000uzfjt5D15_C_220_140.jpg,Tenacity,打卡国家大剧院，体验感受建筑之美，感受艺术气息，夏天避暑纳凉的绝佳之地！一楼还有免费的音乐演出，不论视觉还是听觉，都是一种享受！
中国地质博物馆,西城区西四羊肉胡同15号,4.7,(2473条点评),https://dimg04.c-ctrip.com/images/0101i120008icj0wb9250_C_220_140.jpg,骄心,中国地质博物馆是中国乃至全球最重要的地质学研究和展示机构之一，以下是我的评价：首先，中国地质博物馆的馆藏丰富多样。馆内收藏了大量的化石、矿石、岩石和宝石等地质标本，展示了地球演化的各个阶段和地质现象的多样性。无论是古生物化石还是现代地质构造，都能找到丰富的展品，让人对地质学有了更深入的了解。其次，博物馆的展览布置精美，内容丰富。展览以图文并茂的方式呈现，结合多媒体技术和互动展示，使观众能够更好地理解和感受地质学的奥妙。同时，博物馆还定期举办各类专题展览和学术讲座，为地质学爱好者提供了一个学习和交流的平台。另外，博物馆的服务也非常周到。工作人员热情友好，能够及时解答观众的问题和提供帮助。同时，博物馆还提供了导览服务和讲解器设备，方便观众自由参观和听取解说。总的来说，中国地质博物馆是一个值得一游的地方。它不仅拥有丰富的馆藏和精美的展览，还提供了优质的服务。对于对地质学感兴趣的人来说，这是一个难得的学习和欣赏的机会。
北京天文馆,西城区西直门外大街138号（动物园对面）,4.5,(994条点评),https://dimg04.c-ctrip.com/images/1A0r1c000001cdmez1EDA_C_220_140.jpg,白猫警长4851,交通很方便，地铁、公交都有，除了AB馆，还有比较大一个院子，休息、吃东西都很方便。馆里展品有月壤哎，当初美国都不舍得给我们的月壤哎，而且3D影院也播放了跟登月相关的内容。看了之后我才明白嫦娥几号几号分别是干嘛的，而且也不是一发射就到月球轨道，真的好涨知识，强推!也让我们能了解祖国航天事业的发展。馆里有盖章活动，而且是拼图形式，有一个章在出口的商店，就是这个找半天找不着，结果跑来跑去的过程中丢失了几张盖章的卡。最后请教了一位小朋友才找到。举止大方，说话响亮，赞一个!我不得不说，捡了这些卡又不还回服务台的人，这是一套拼图，你捡那么两张有什么意义呢?现在拾金不昧四个字是没人写了吗.……何况这只是几张普通的纸……小朋友来回几趟服务台问，还问了清洁的阿姨，确认找不到了，有点失望，我教他们盖在其他卡的空白位置上，也能好好欣赏。毕竟打卡享受更多的是这个过程嘛
南锣鼓巷,北京市东城区南锣鼓巷胡同,4.5,(3220条点评),https://dimg04.c-ctrip.com/images/100g1f000001gqxbtA231_C_220_140.jpg,Dan Dan dan先生,南锣鼓巷位于北京市东城区，古老而古朴。南锣鼓巷有着非常多的店铺，饭店，都很有老北京的味道，这里有着几百年的历史，厚重而美丽。
北海公园,北京市西城区文津街1号,4.7,(3835条点评),https://dimg04.c-ctrip.com/images/100m0z000000nndr64E9A_C_220_140.jpg,shao-xiang,特别感谢导游（手机号***********）一路上讲解的精彩有趣。让我们体会到了有导游的游览和自由游览的巨大不同。北京的历史公园还是要有导游的游览更精彩！极力推荐！
香山公园,北京市海淀区买卖街40号,4.7,(5200条点评),https://dimg04.c-ctrip.com/images/100p0x000000lbj269BDC_C_220_140.jpg,冰咖啡彩虹糖,香山公园位于北京市海淀区买卖街40号，北京市区西北郊，占地188公顷，是一座具有山林特色的皇家园林。景区内主峰香炉峰俗称“鬼见愁”，海拔575米。早在元、明、清时，皇家就在香山营建离宫别院，每逢夏秋时节皇帝都要到此狩猎纳凉。咸丰十年（1860年）和光绪二十六年（1900年）先后两次被英法联军、八国联军焚毁，1956年开辟为人民公园。香山公园有香山寺、洪光寺、双清别墅等著名旅游景点。“香山”的得名，历史文献中有两种说法。其中第一种说法来自于民间，据说早年间香山上曾栽种有大面积的杏花，每年花期一到，这里便花香浓郁，故而得名。其二则是来自《香山永安寺记》，这里面讲到山中有一块大石头，其形状和寺庙里烧香的香炉很像，因此这座山便因香炉形状的石头而得名。
水立方(国家游泳中心),北京市朝阳区天辰东路11号,4.5,(1603条点评),https://dimg04.c-ctrip.com/images/fd/tg/g1/M05/7A/74/CghzfVWwtD2AKrJiAAq29dgqJDw690_C_220_140.jpg,郭润龙浪迹天涯,20230522全天：1、“水立方”位于5A景区“奥林匹克公园”。奥林匹克公园是2008年奥运会和残奥会、2022年冬奥会的比赛区域，是世界首个“双奥园区”，位于北京中轴线北侧，集休闲健身、绿地养生、体育文化、赛事演出于一体的多功能景区，多次举办过国际重要会议。景区分奥运功能区和森林公园2大区域。入园免费，场馆内部收费，周一闭馆。①地址：北京市朝阳区科荟路33号。②交通：公交直达，开车很好停。③旺季：无。④用时：1天。2、奥运功能区呈长方形，面积广阔的广场上遍布各种雕塑，其中2022年冬奥会火炬台上的雪花雕塑是必打卡的主雕塑。东北角人工湖岸边的商铺是夜间聚餐好去处，浪漫有情调，马路边各色牡丹绽放，雍容华贵。游客可进内部参观的建筑有国家体育场（“鸟巢”）、国家游泳中心（“水立方”）、国家速滑馆（“冰丝带”）、“奥运塔”，前3个场馆买三馆联票会便宜些。3、水立方位于中轴线由西南侧，是2008年奥运会游泳等项目的比赛场馆，外形是膜结构蓝色方盒子，是海外侨胞和港澳台同胞捐款数量和人数最多的场馆，2020年改造成冰壶项目场馆，变身为冬奥历史上最大的冰壶场馆“冰立方”。馆内仍保留去年冬奥的装饰布置，目前只开放一层和负一，有：①嬉水乐园：在负一层，一楼可俯观，两侧是大型水中游乐设施，中间是模拟海浪嬉水池，舞台上可举办水上嘉年华、音乐节等，时尚元素满满，很适合亲子。②游泳池：在负一层，对外开放，一楼可俯观。③冰壶项目介绍：以图文、体育器械形式展示，另有中国女子水球国家队队员的手模。③趣味布景：魔法相机、各种玩偶等。
居庸关长城,北京市昌平区南口镇居庸关村,4.8,(2292条点评),https://dimg04.c-ctrip.com/images/0102a120004fhqcagB7E5_C_220_140.jpg,西山晴雪1011,真是不错的地方，好几年没来过这里了，居庸关长城还是非常著名的地方非常壮观，城楼两侧的长城都是非常陡峭的，好在身体还是可以
北京汽车博物馆,北京市丰台区南四环西路126号,4.7,(5160条点评),https://dimg04.c-ctrip.com/images/1A0o190000015tvg1ABA7_C_220_140.jpg,贝德福德鉴真,这个汽博比想象中的大。周围环境很舒服。旁边有酒店商场。里面是汽车的发展史，很值得一看。1楼大厅外还有个货车，站台的老火车。就很适合带小朋友了解相关科学知识。
天安门城楼,东城区东长安街天安门广场北侧,0,(暂无点评),https://dimg04.c-ctrip.com/images/10070h0000008sb4h5CD1_C_220_140.jpg,暂无游客评论,暂无用户评价
前门大街,北京市东城区前门大街,4.6,(1287条点评),https://dimg04.c-ctrip.com/images/1A0n11000000r3v6884C6_C_220_140.jpg,蓝闪电,前门大街大栅栏，离天安门5分钟路程，可以规划在一条路线游玩，而且各种耳熟能详的老字号云集，货品质量保真，特别值得来逛的景点。
世界公园,北京市丰台区花乡丰葆路158号,4.3,(4250条点评),https://dimg04.c-ctrip.com/images/0102h120008lcbg0t3878_C_220_140.jpg,turbo,最为当年的特色景点，目前显得吸引力不足。开拓的副业与主线业务关联性不足。门口电瓶车价格却偏高了。景点结合文化内涵、历史等还有很大的挖掘空间。厕所一半以上都在维修是不应该的。
王府井,北京市东城区东长安街北侧,4.5,(1396条点评),https://dimg04.c-ctrip.com/images/100u1f000001gq8fl5AFF_C_220_140.jpg,老少皆宜程,王府井大街是北京最著名的商业街，几十年前这里如果说是北京第二繁华的商业街，就没有人敢说是第一。王府井大街的夏天徬晚是最繁华的，游客很多。
北京大观园,西城区南菜园街12号,4.6,(2124条点评),https://dimg04.c-ctrip.com/images/100e1f000001gt103FEE1_C_220_140.jpg,旅行达人萧萧,【景色】四季风景不同【趣味】喜欢红楼的人比较钟情，房舍庭院布景，讲解介绍全方位展现红楼情景【性价比】40元门票小贵，老年人免票，适合周边老年人遛弯
大栅栏,西城区前门大街大栅栏街6号,4.6,(737条点评),https://dimg04.c-ctrip.com/images/1A0c15000000xte0j028E_C_220_140.jpg,关裕年guanyunian,位于北京前门大街的大栅栏是北京过去最热闹的地方，可以说前门大栅栏与北京齐名，如今的大栅栏已经不是老北京的大栅栏，这里已经变成外地人来打卡的旅游点。
故宫珍宝馆,故宫博物院宁寿宫内,4.8,(483条点评),https://dimg04.c-ctrip.com/images/100f0b0000005z1rsE5D1_C_220_140.jpg,_WeCh****105838,秀才说的王秀才非常的专业，风趣幽默，很容易就根据他的解说投入进去了，故宫的宏伟壮观和文化底蕴被他结合的很相宜，非常好的游玩体验！
毛主席纪念堂,东城区前门东大街11号,0,(暂无点评),https://dimg04.c-ctrip.com/images/100t12000000rqu9a4275_C_220_140.jpg,暂无游客评论,暂无用户评价
北京杜莎夫人蜡像馆,北京市东城区前门大街18号,4.7,(3194条点评),https://dimg04.c-ctrip.com/images/1lo3h12000bnn25jz2730_C_220_140.jpg,匿名用户,蜡像馆人物很生动，上下三层，见到了很多喜欢的公众人物，留下了难得的合影，还有趣味动手体验项目，整体逛下来一点儿也不累，小朋友很喜欢
八达岭野生动物世界,北京市延庆区八达岭镇八达岭旅游区,4.1,(4702条点评),https://dimg04.c-ctrip.com/images/100e1f000001gt1p9F58F_C_220_140.jpg,快乐的小飞哥啊,北京八达岭野生动物世界是中国大的山地野生动物园。位于八达岭长城脚下，紧邻八达岭高速公路，占地6000亩，拥抱百余种近万头（只）野生动物，是集动物观赏、救助繁育、休闲度假、科普教育、公益环城为一体的生态旅游公园。
孔庙和国子监博物馆,北京市东城区安定门内国子监街15号,4.7,(760条点评),https://dimg04.c-ctrip.com/images/0105112000b8ch8kn7B12_C_220_140.jpg,赵宇,非常不错的博物馆！环境优美，历史悠久，元明清三朝学子的圣地，绝对值得一去，尤其有娃的家庭，现在越来越觉得没有讲解的景点游是没有灵魂的，郭老师自配图册，讲解时方便大家理解，孩子们跟着她，有时站在树荫下，有时席地而坐，用时两个半小时了解了孔子的一生，科举制度的兴衰，真是受益匪浅！
老舍茶馆,北京市西城区前门西大街正阳市场3号楼,4.6,(904条点评),https://dimg04.c-ctrip.com/images/100i0a0000004t9e6558A_C_220_140.jpg,M28****6741,三楼看完综艺四季茶小朋友还不肯离场，紧接着看二楼的木偶剧，武松打虎惟妙惟肖，被木偶变脸惊艳到，感受国粹魅力，传承传统文化。
德云社剧场,北京市西城区北纬路甲1号,4.6,(151条点评),https://dimg04.c-ctrip.com/images/0104r120009heerwjC45C_C_220_140.jpg,suofei8520,天桥德云社，在一个胡同里，这个一个上下两层的大厅。比较古朴的方桌，可以点一壶茶，吃点瓜子，但是最不好的就是没有空调，夏天很热
北京独角兽星空艺术馆,北京市东城区王府井大街88号银泰in88二层,3.9,(462条点评),https://dimg04.c-ctrip.com/images/100l1f000001gqf46971C_C_220_140.jpg,匿名用户,各种灯和镜子呈现的效果 拍照还是很好看的 不过比想象中的要小很多 很快就转完了 最后有个大月亮拍剪影 适合至少2人一起去
南山滑雪场,北京市密云区河南寨镇圣水头村,4.7,(1730条点评),https://dimg04.c-ctrip.com/images/100f0z000000numfi420C_C_220_140.jpg,匿名用户,停车很方便，用餐也很方便很丰富，价格适中滑雪服里面最好外穿一点保暖的衣服，厚袜子价格实惠公道，雪道也很丰富比较满意的一次体验
首都博物馆,北京市西城区复兴门外大街16号,4.8,(859条点评),https://dimg04.c-ctrip.com/images/100m1f000001gzoylC02F_C_220_140.jpg,白猫警长4851,首都博物馆，就在长安街旁边，交通十分方便。现在1楼西侧是辉煌中轴线展览北京建都870年。但是西侧楼上几层现在都没有开放，还在装修换展之中。东侧开放，有一些玉器，青铜器，还有相片的展览。展馆有打卡盖章活动，很受小朋友喜欢。
黄花城水长城,北京市怀柔区九渡河镇西水峪,4.7,(3435条点评),https://dimg04.c-ctrip.com/images/0102d1200086o1vwnDDE7_C_220_140.jpg,M41****167,黄花城水长城很漂亮，黄花城水长城很漂亮，黄花城水长城很漂亮。黄花城水长城很漂亮。黄花城水长城很漂亮。黄花城水长城很漂亮。
慕田峪长城索道滑道,北京市怀柔区渤海镇慕田峪村,4.7,(117条点评),https://dimg04.c-ctrip.com/images/0105712000c9n6wm885E9_C_220_140.jpg,冰美式比热美式好喝,很好玩 索道风景很好 滑车很刺激 慕田峪长城yyds 人比八达岭少多了而且爬起来也不是特别累 我去的那天人比平时多因为是秋天的旺季 索道排队30分钟 滑车排队40分钟 但很值得
中央广播电视塔,海淀区西三环中路11号,4.5,(1559条点评),https://dimg04.c-ctrip.com/images/100e1f000001gt1z96C8F_C_220_140.jpg,M44****9024,北京最高的电视塔，在这里是观赏北京最好的地方。上面还有旋转餐厅，一边吃饭一边观赏夜景，很适合情侣到这个地方来约会，真的很惬意。
798艺术区,北京市朝阳区酒仙桥路2号,4.5,(900条点评),https://dimg04.c-ctrip.com/images/100g1f000001gqzfv7659_C_220_140.jpg,白猫警长4851,北京798艺术中心是一个充满艺术氛围的地方。尽管有些馆未开门，但进入的馆展示的作品都非常有意思。这里呈现了各种不同的艺术形式，如绘画、雕塑、摄影等，让人可以欣赏到多元化的艺术作品。然而，可能有时候参观会感到有些无聊，可能因为个人对某些艺术形式不太感兴趣。不过，这并不妨碍整体艺术中心本身的价值和吸引力。如果你对艺术感兴趣，喜欢探索不同的艺术表现形式，那么北京798艺术中心仍然是个值得一游的地方。
三里屯,北京市朝阳区三里屯北路东侧,4.7,(559条点评),https://dimg04.c-ctrip.com/images/0106o120008632x65D55A_C_220_140.jpg,阿蓝阿蓝,在北京，三里屯的太古里是年轻人爱去的地方，这里高楼林立，许多小众品牌聚集，是一个年轻而时尚的地方，吸引着许多时尚青年去逛。
雁栖湖,怀柔区怀北镇雁水路3号,4.4,(3155条点评),https://dimg04.c-ctrip.com/images/10021f000001gxcft163D_C_220_140.jpg,Ren Yang,雁栖湖位于北京市怀柔区，是一个风光旖旎、水质清澈的美丽湖泊。这里因春秋两季有大批大雁来湖中栖息而得名，每年都吸引着无数游客前来观赏。雁栖湖的湖面宽阔，湖水清澈见底，周围的山峦环抱，形成了一个天然的美丽景区。在这里，你可以乘坐游船欣赏湖光山色，也可以漫步在湖边，感受宁静与和谐。此外，雁栖湖还拥有各种游玩设施，如漂流、划船、垂钓等，让你尽情享受度假的乐趣。除了美丽的自然风光，雁栖湖还有许多值得一游的景点。例如，雁栖岛会议中心是一个设施齐全的会议中心，也是举办各种活动和婚礼的理想场所。北京日出东方凯宾斯基酒店则是一座充满现代化气息的酒店，提供舒适的住宿和美食服务。总的来说，雁栖湖是一个集自然风光、休闲娱乐和人文景观于一体的美丽景区。无论你是来放松身心还是寻找刺激的旅游体验，这里都能满足你的需求。如果你想感受北京郊区的宁静与美丽，雁栖湖绝对是一个不容错过的好去处。
潭柘寺,门头沟区潭柘寺镇,4.7,(1221条点评),https://dimg04.c-ctrip.com/images/100b1f000001gsoq40D7B_C_220_140.jpg,3soil,潭柘寺是北京最古老的寺庙，里面有年代很久的银杏树。里面的建筑也很好看，还有一个地方可以摸鱼，很有意思。前前后后花了两三个小时游览，非常值得一去。
太平洋海底世界,海淀区西三环中路11号中央广播电视塔下,4.4,(1746条点评),https://dimg04.c-ctrip.com/images/0105612000aufbjs64C20_C_220_140.jpg,澎湖景园,太平洋海底世界在中央电视台地下一层，交通挺方便，有海狮表演（另收费） 美人鱼表演 ，有很多观赏鱼和热带鱼，各类珊瑚。在这里孩子可以感受到海底世界的神奇。
水立方嬉水乐园,北京市朝阳区天辰东路11号国家游泳中心1层,4.5,(2224条点评),https://dimg04.c-ctrip.com/images/100a1f000001grjxc89CD_C_220_140.jpg,Henriguan,环境很好，适合带孩子一起游玩。尤其是海浪活动很有趣，一起享受海浪的效果。有很多滑梯，有很多娱乐活动，有各种各样的高度，适合不同人群。
西山温泉乐园,北京市海淀区西北旺镇丰智东路13号（永丰路与北清路十字路口往南800米路东）,4.7,(1416条点评),https://dimg04.c-ctrip.com/images/1lo3912000cvxck5pA4B4_C_220_140.jpg,BIG米,北京西山温泉♨️主打一个18小时玩不够啊，不论大朋友🧑‍🤝‍🧑还是小朋友🧒全部玩嗨，太上头了哈哈哈，圣诞节主题活动已开启，[礼花]快来happy哈哈玩耍一下推荐指数：🌟🌟🌟🌟🌟娱乐设施：🌟🌟🌟🌟🌟丰富餐食：🌟🌟🌟🌟🌟✔️一层室内外温泉区🍭藏药区太美了吧，深得我心，还有女士暖宫🚺专属泡池，在里面躺着，敷一个中药🌿包，肩颈太舒服了😌喝着红糖姜茶美呆了🍭室外温泉♨️北京下雪了❄️，飘着雪花泡室外温泉，太浪漫了，💏，北京去哪找，就来北京西山温泉，温暖你的心肝脾肺肾🍭室内温泉、儿童戏水区室内多种泡池，满足你的一切需求，美人池、还有专业游泳池🏊，柚子池，去死皮小鱼池，按摩池，都是37度至40度左右，完全💯满意🈵️✔️二层魔力空间进入即可拥有2500平方米娱乐空间，现在定时🈶️圣诞荧光派对、圣诞游园会、圣诞节小手工、音乐年代秀，狂欢派对大小朋友都开心极了，魔力SHOW✌🏻各种脸部化妆太美了‼️糖果会可以不限时的儿童托管，大人就可以放心玩耍了哈哈哈✔️围炉煮茶地下1⃣️层还有围炉煮茶，换装各式汉服，樱花🌸树下，美滋滋，还有各种游戏机、格子间可以各种舒服的躺着刷手机哈哈哈✔️5⃣️层鹦鹉乐园门口一个大鹦鹉超级威武帅气，各种游戏机🎮、篮球机🏀、射击等等，西山温泉对小朋友超级友好，当然，小朋友来了完全不想回家哈哈哈✔️四季餐厅我们选择的🈶️早餐🍳、午餐/晚餐任选一顿，夜宵这种，非常划算，生蚝🦪不限量是现在的季节限定，现蒸生蚝非常的新鲜，大厨🧑‍🍳会帮忙撬开壳，完全不用担心吃起来费劲哈哈哈，真贴心！对于我朋友这个三文鱼脑袋，去了三次取了三大盘，完全💯吃过瘾🧧北京西山温泉乐园📍北京市海淀区丰智东路13号
中山公园,东城区中华路4号(天安门西侧),4.7,(731条点评),https://dimg04.c-ctrip.com/images/1A0r190000016k56gAA44_C_220_140.jpg,sh****8,北京中山公园的社稷坛与太庙相对，分别位于天安门的一左一右，体现了“左祖右社”的帝王都城设计原则。以五色土建成的社稷坛包含着古代人对土地的崇拜，五种颜色的土壤，由全国各地纳贡交来，以表明“普天之下，莫非王土”之意。社稷坛是古代帝王江山社稷的象征。五色土是指青、红、黄、白、黑五种颜色纯天然土壤。
红螺寺,北京市怀柔区怀柔镇卢庄村北红螺东路2号,4.8,(2316条点评),https://dimg04.c-ctrip.com/images/1lo4i12000d2lmqtkDC4D_C_220_140.jpg,  快乐de蒲公英,红螺寺景区非常不错，大气的门楼威严庄重，寺内绿树成荫，环境优雅宁静，尤其两颗千年银杏树，金灿灿的树叶特别的美，还有免费的香供游客使用，很值得一游
北京宋庆龄故居,北京市西城区后海北沿46号,0,(暂无点评),https://dimg04.c-ctrip.com/images/100g0b0000005d8on2C3F_C_220_140.jpg,暂无游客评论,暂无用户评价
八大处公园,北京市石景山区西山风景区南麓八大处公园,4.8,(2561条点评),https://dimg04.c-ctrip.com/images/100b1f000001gsltw7A06_C_220_140.jpg,203****105,来八大处证果寺烧香拜佛，发现一只黑猫警长在此修炼，证果寺边上曲径通幽处还有一个秘魔崖里面供奉着几尊佛像，今天天气很好拍照也很出片！
泡泡玛特城市乐园,北京市朝阳区朝阳公园南路1号40幢（朝阳公园内，近朝阳公园西3门）,4.6,(92条点评),https://dimg04.c-ctrip.com/images/1lo6b12000c491zsf9668_C_220_140.png,M11****984,超级适合带娃来，参加活动有奖品，即便没赢也有几年奖品，适合亲子互动。每人可以买2个娃娃，如果抽的娃娃不喜欢，现场还可以换哟。
国子监,北京市东城区国子监街15号,4.7,(508条点评),https://dimg04.c-ctrip.com/images/10050b0000005dawgF487_C_220_140.jpg,清风明月照我还,太学门是国子监教学区的大门，门内是建于乾隆年间的琉璃牌坊，琉璃牌坊是最高等级的牌坊，北京一共有十座，两侧有钟鼓楼和御碑亭，牌坊后是主建筑避雍，教学院有东西六堂和两厅，是国子监监生上课和管理机构，以前曾作为首都图书馆使用。国子监是元明清三代的国家最高学府，值得参观游览。
北京奥林匹克塔,北京市朝阳区奥林匹克公园内,4.5,(612条点评),https://dimg04.c-ctrip.com/images/0104u12000ap3b3xr671A_C_220_140.jpg,郭润龙浪迹天涯,20230522全天：1、“奥运塔”位于5A景区“奥林匹克公园”。奥林匹克公园是2008年奥运会和残奥会、2022年冬奥会的比赛区域，是世界首个“双奥园区”，位于北京中轴线北侧，集休闲健身、绿地养生、体育文化、赛事演出于一体的多功能景区，多次举办过国际重要会议。景区分奥运功能区和森林公园2大区域。入园免费，场馆内部收费，周一闭馆。①地址：北京市朝阳区科荟路33号。②交通：公交直达，开车很好停。③旺季：无。④用时：1天。2、奥运功能区呈长方形，面积广阔的广场上遍布各种雕塑，其中2022年冬奥会火炬台上的雪花雕塑是必打卡的主雕塑。东北角人工湖岸边的商铺是夜间聚餐好去处，浪漫有情调，马路边各色牡丹绽放，雍容华贵。游客可进内部参观的建筑有国家体育场（“鸟巢”）、国家游泳中心（“水立方”）、国家速滑馆（“冰丝带”）、“奥运塔”，前3个场馆买三馆联票会便宜些。3、奥运塔全称“奥林匹克塔”，位于中轴线由东北侧，建于2011年，原称“生命之树”，由5个塔冠独立组成，最高的246.8米，高空向下看呈五环标志。奥运塔每天21:30闭馆，建议傍晚进塔呆3小时，能一次看到白天街景、傍晚日落、晚间亮灯3个不同风格的美景，最划算。塔内电梯从底层直接上到76层：①底层：包括“奥运起源”、“奥运塔建设展”（很涨见识）和一些趣味游戏。②顶层：出直梯后沿旋转通道到顶层的餐厅，墙壁上贴有国内外名塔照片。再往上便是室外观景台，可上帝视角360度欣赏北京全景，其中可拍鸟巢的正南方向是最佳拍照点。另外建议别带帽子，风大时被吹跑。
钟鼓楼,北京市东城区钟楼湾胡同临9号,4.6,(302条点评),https://dimg04.c-ctrip.com/images/0106b120008c2kehh4A33_C_220_140.jpg,cafe1990,钟楼，鼓楼都是北京仅存的几个高大古建筑之一，非常适合打卡拍照，可以饱览北京全景的天际线！修缮不太到位，设施保养也不到位，缺乏互动性，没有动画介绍，没有相关历史名人和故事的介绍。可以改进的地方太多啦！推荐来，必到地点之一。
鼓楼,北京市东城区钟楼湾胡同临字9号,4.6,(307条点评),https://dimg04.c-ctrip.com/images/0103i12000b8dco6n397B_C_220_140.jpg,M28****5238,值得去历史的见证爬梯也是挑战古代人的智慧和聪明给后人留下了宝贵的 孩子增长见识了解人文中国的文化博大精深深深的刻在脑子里
午门,北京市东城区故宫博物院内,4.8,(439条点评),https://dimg04.c-ctrip.com/images/100v13000000vbns4B0F4_C_220_140.jpg,suofei8520,历史悠久的皇宫大门，实际上还是一个博物馆，里面有各种各样的展览。非常值得认真学习和观赏。没有必要急着进到西六宫东六宫。其实在午门也可以看到不少。'我去的时候正好是，藏传佛教展。非常精美。
中华民族博物院,北京市朝阳区民族园路1号（健翔桥东路口）,4.5,(1125条点评),https://dimg04.c-ctrip.com/images/0105r1200095xlq9uB006_C_220_140.jpg,黑龙大稚,很有民族特色，是了解不同民族建筑风格、人土风情的公园、博物馆。地方比较大，整体设计错落有致，风景宜人，适合拍照，处处出大片。
国家图书馆,北京市海淀区中关村南大街33号,4.7,(401条点评),https://dimg04.c-ctrip.com/images/10030m000000dhy8h1902_C_220_140.jpg,把剑长歌,到国图翻翻《永乐大典》复制品，体会《永乐大典》的排版之美，👍“台阁体”的字体也很漂亮！👍原来鲁迅、郑振铎先生等也对《永乐大典》入藏国家图书馆做了许多贡献。1909年8月5日，清学部奏请将内阁、翰林院仅存64册《永乐大典》移送京师图书馆，由于这批书被翰林院掌院学士陆润庠搬至其家秘藏，手续未能马上办理。中华民国成立后，鲁迅出任教育部社会教育司第一科科长，主管图书馆事务，他多次向陆润庠索要，这批书最终于1912年7月入藏京师图书馆。👍
升旗仪式,北京市天安门广场南端,0,(暂无点评),https://dimg04.c-ctrip.com/images/fd/tg/g2/M02/8D/06/Cghzf1Ww-n-ARSoLAAk6Iu0i3zQ107_C_220_140.jpg,暂无游客评论,暂无用户评价
后海,西城区什刹海景区内,4.7,(60条点评),https://dimg04.c-ctrip.com/images/0101t1200082f7ikh1A73_C_220_140.jpg,白猫警长4851,后海是一个古老的湖泊，周围环绕着许多传统的胡同和四合院。可以在湖边散步，欣赏湖水和古老建筑的美景。晚上，湖边的酒吧和餐馆也是一个很好的选择，也可以在这里品尝到北京的传统美食和享受夜生活。什刹海周围景点:恭王府 醇亲王府 庆王府梅兰芳故居宋庆龄故居郭沫若纪念馆关岳庙广化寺德胜门箭楼汇通祠 银锭桥烟袋斜街鸦儿胡同南锣鼓巷北锣鼓巷
石景山游乐园,北京市石景山区石景山路25号,4.1,(1067条点评),https://dimg04.c-ctrip.com/images/350215000000xwf0s8579_C_220_140.jpg,匿名用户,北京市比较古老的游乐园，但很有小时候的意境，能够给我们很多回忆，里面卖吃的摊位也有，很多烧烤，饮品，加上一些方便食品，凑合一顿还可以。
红砖美术馆,北京市朝阳区顺白路马泉营西路路口西100米路北,4.3,(223条点评),https://dimg04.c-ctrip.com/images/1002180000014syokBEB5_C_220_140.jpg,xxx_88688,很有特色的美术馆，外部环境和风格都不错，很有体验感，就是展示的作品一般般，是一个去过一次就可以的美术馆，建造者还是花了不少心思的！
北京乐高探索中心,北京市朝阳区常通路1号院1号楼-2至5层101内三层3F-Z3,4.3,(166条点评),https://dimg04.c-ctrip.com/images/100k12000000rt47cF6E6_C_220_140.jpg,M18****696,乐高探索中心不大，孩子可以自己玩，大人陪着玩一会儿可以自己休息一会儿，里面也有餐厅，还有一个4D影院，电影一次15分钟，玩两三个小时没问题。
司马台长城,北京市密云区古北口镇司马台村北,4.7,(1024条点评),https://dimg04.c-ctrip.com/images/100t1f000001gqc8v0398_C_220_140.jpg,冰咖啡彩虹糖,司马台长城位于北京密云古北水镇东南，为明代古建筑。整个长城城墙依险峻山势而筑，以奇、特、险著称，保存有完整的20座敌楼，尤其望京楼筑于海拔千米的陡峭峰顶，可遥望到北京城区。司马台长城被联合国教科文组织确定为“原始长城”。英国的泰晤士报2012年将司马台长城评为“全球不容错过的25处风景之首” 。
人民大会堂,北京市西城区西长安街天安门广场西侧,4.7,(452条点评),https://dimg04.c-ctrip.com/images/100p1f000001gpgnaB249_C_220_140.jpg,望雁,人民大会堂，雄伟壮观。而且是可以从各个不同的角度欣赏的。也是横看成岭侧成峰，远近高低各不同的代表性建筑。特别是那些柱子，真是太震撼人心了。
太和殿,北京市东城区景山前街4号故宫博物院内,4.8,(344条点评),https://dimg04.c-ctrip.com/images/100c0b0000005z14352F9_C_220_140.jpg,wms****14,秀才说李老师带我游故宫，漫步故宫是一次走进历史，感受历史的独特之旅，沉浸在中华文明的瑰宝之中，感受历史的深沉壮阔，辉煌与沧桑，感受中华文化的博大精深，深深的爱国情怀油然而生，不虚此行！尤其感谢小李老师的讲解，非常细致周到又十分有趣，下次有机会还找小李老师！
八达岭古长城（残长城）,北京市延庆区八达岭镇东沟村,4.7,(527条点评),https://dimg04.c-ctrip.com/images/0103i120008a1yi2t4D40_C_220_140.jpg,冰绿茶,八达岭古长城（残长城），闯王古道依旧，长城不见烽烟，城墙虽已残断，然其傲骨犹存。于此寂静之中，心随风舞，凭吊山曲。​中外游客想不开非要去对面的八达岭长城，北京任意一个长城都比八达岭强。
定陵,北京市昌平区环陵路北京十三陵风景区内盛得剧场西60米,4.5,(911条点评),https://dimg04.c-ctrip.com/images/0103q120009heee8l205F_C_220_140.jpg,郭润龙浪迹天涯,20230521全天：1、“明十三陵”是明朝13位皇帝23位皇后、7位妃子、2位太子、1位太监墓的总称，是世界文化遗产，位于天寿山山麓，几乎每座帝陵占一山头，建造共历时235年，目前仅开放“三陵一路”（长陵、定陵、昭陵、神路）和康陵。十三陵在明末清初被李自成农民军和清摄政王多尔衮先后两次破坏，清代为笼络汉族臣民人心，在清乾隆五十至五十二年（1785-1787年）进行大规模修复，但在民国时期又遭劫，建国后在1980s、2003年（申报世遗期间）两次大修。定陵是13座皇陵中唯一被官方挖掘并开放地宫的必去之陵。①地址：北京市昌平区十三陵镇昌赤路。②交通：公交直达，开车很好停。③旺季：无。④用时：1天。⑤注意事项：皇陵之间相距较远，但都有公交站，自驾游最佳。2、定陵葬有明朝第13位皇帝、明神宗万历皇帝朱翊钧及其2位皇后王氏、王氏，始建于明万历十二年（1584年），耗时6年，耗银800万两，约合人民币200多亿，占地18万平方米，背靠“大峪山”，是3座生前所修的明皇陵之一（另外2座是长陵和永陵，其余都是皇帝死后所修）。景区门口有讲解，30元。进入定陵后依次途经：①神功圣德碑：与“三座桥”（桥栏为现代补配）都在定陵检票口外，原有碑亭，清初被毁。驮御碑的是赑屃，在龙九子中排老六，力大且温顺，是古代专门驮御碑的瑞兽。碑上无字，且自朱棣之后的神功圣德碑都无字。②祾恩门：连同“祾恩殿”都只剩石基，先在明崇祯十七年（1644年）由李自成焚毁，同年5月清军入关多尔衮再次破坏，以报复明天启二年至三年（1622-1623年年）的“明拆金陵”，即为了破坏后金（满清入关前的国号，自称是金朝后裔，金朝是1115-1234年的北方政权，与南侧南宋、北侧蒙古对峙）的“龙气”，将金朝完颜氏族位于北京的皇陵毁坏。定陵在清乾隆年间修复后，民国二年（1913年）在定陵管理权争夺中再次被焚毁，大火烧了3天，目前遗址台基被部分烧成黑色，为还原历史原貌让游客深刻体会，景区并未将黑皮刮掉。③东、西配殿：用作“定陵出土文物精品展”，展示了墓主的生平和精选的出土文物或复制品，其中“金丝翼善冠”（由1根1斤6两的金丝编成，出土的唯一皇冠原物）、“九龙九凤冠”（用“点翠工艺”将10万多只翠鸟脖后最鲜艳那根羽毛粘贴，永不褪色，重4斤6两…字数超限，在最后一张图片里继续。
大熊猫馆,北京市西城区西直门外大街137号北京动物园熊猫馆内,4.5,(45条点评),https://dimg04.c-ctrip.com/images/01073120007qdmn9hB397_C_220_140.jpg,匿名用户,值得去打卡的地方，主要交通便利门票很亲民，适合带孩子来的地方，还可以看国宝大熊猫和其他动物，就是天气热备做好防暑降温的装备
中国美术馆,北京市东城区五四大街一号,4.8,(521条点评),https://dimg04.c-ctrip.com/images/0106912000836av9wAF86_C_220_140.jpg,白猫警长,中国美术馆位于北京市中心，占地面积广阔，建筑风格独特。整个建筑采用现代化的设计理念，结合了传统的中国建筑元素，给人一种古朴而又现代的感觉。馆内的展厅和展览空间布局合理，使观众能够舒适地欣赏艺术作品。这里可以欣赏到如山水画、花鸟画、人物画等。此外，中国美术馆还收藏了大量的当代艺术品，如油画、版画、雕塑等，展现了中国艺术与世界潮流的紧密联系。总的来说，中国美术馆是一个充满魅力的艺术殿堂，值得一游!
观复博物馆,北京市朝阳区大山子张万坟金南路18号,4.8,(1158条点评),https://dimg04.c-ctrip.com/images/100v1f000001h19qkF9FD_C_220_140.jpg,M24****5467,时隔9年的冬天为了这座含猫量超标的北京观复博物馆我和我的旅行搭子又千里迢迢来到了首都北京终达成心愿[微笑]上海观复北京观复完美
龙庆峡,北京市延庆区旧县镇古城水库,4.5,(2578条点评),https://dimg04.c-ctrip.com/images/0104j120009jfck7k7FE6_C_220_140.jpg,张家小洁子,第二次来了，带老人孩子体验一下北京的青山绿水，龙庆峡的景色确实很美，不出北京就可以体验漓江山水的美景。船票有点儿贵，性价比不高。
北京欢乐水魔方,北京市丰台区小屯路11号,4.3,(1634条点评),https://dimg04.c-ctrip.com/images/1lo0r12000ct5mxug9E05_C_220_140.jpg,M48****8236,今天来水魔方体验了一把玩雪的乐趣，双龙冰滑梯、雪地冲锋艇、雪圈飞跃、暴雪飓风墙等项目超级刺激，有的我都不敢玩，个人胆子比较小。园区环境很好，是很拍照的地方很多。我们带了帽子和手套，不怕冷，尽情地玩耍了一整天。真的很好，大家可以带宝宝来体验一下！
清华大学艺术博物馆,北京市海淀区清华园1号清华大学艺术博物馆,4.5,(68条点评),https://dimg04.c-ctrip.com/images/0102t12000b8vqxi104E9_C_220_140.jpg,清风明月照我还,清华大学艺术博物馆有着悠久的历史和丰富的藏品，现有藏品23623件，品类包括书画、织绣、陶瓷、家具、青铜器及综合艺术品等六大类。现有展厅14个，展出有名人字画、馆藏工艺品、明清山水画、明清家具、清朝织绣、研究生学生作品展览等等，织绣作品有一些肚兜、扇袋等展示，织工、配色都十分精美。
地坛,北京市东城区安定门外大街东侧,4.6,(727条点评),https://dimg04.c-ctrip.com/images/100v1f000001h1dneB6E1_C_220_140.jpg,西单大叔,地坛书市回来了—— 自永乐十九年（公元1421年）明成祖迁都北京，确立了明清北京城的规划格局，作为明清两代近五百年的都城，北京逐步形成了“九坛八庙”的坛庙文化，其中“九坛”包括天坛、地坛、日坛、月坛、社稷坛、太岁坛、祈谷坛、先农坛、先蚕坛，“八庙”包括太庙、文庙、历代帝王庙、雍和宫、奉先殿、寿皇殿、传心殿、堂子。在“九坛”当中，天坛无疑是名气最大、地位最高的，明清两朝共有22位皇帝在天坛举行过六百多次祭祀活动，并且天坛直到现在也是北京的地标性建筑之一；而在“九坛”中位列第二的就是地坛，又称“方泽坛”，是中国最大的祭地之坛。地坛修建于明嘉靖九年（公元1530年），明清两朝共在这里举行过四百多次祭祀活动，祭坛上的砖石特意设置成偶数，而偶数属“阴数”，这就正与“天阳地阴”的说法相符，另外祭坛四周耸立着已有四百多年树龄的明代古树，蔚为壮观。 而对于常年在北京生活的人来说，地坛则另外具有一种特殊的地位，那就是几乎每年一度的地坛庙会和地坛书市。地坛庙会可以说是北京规模最大、热度最高、最具影响力的庙会，整个地坛公园里全是各种各样的美食、小商品、娱乐项目摊位，虽然庙会上卖的小吃品质、价格、卫生程度全都“堪忧”，但过年了没去逛个地坛庙会就总觉得“年味儿”差了几分，所以每年的地坛庙会总是摩肩擦踵，人挨人人挤人，只是从疫情开始那年起已经停办三年了吧？而说起地坛书市，则是地坛公园里的另一个“高光时刻”，全市各个书店、出版社都会在此集中，价格也是颇多优惠，在一个书市里可以同时看到那么多打折图书，而且图书品类也是面面俱到，这对于读者来说肯定是个“盛会”了，所以逛地坛书市的客流在某些时候甚至不亚于地坛庙会。地坛书市从1997年开始，直到2012年“停摆”，而停摆的原因主要是网店和电子书的冲击。而今年，时隔十余年，地坛书市又回来了，这对于逛了十几年地坛书市的人们来说，当然要去看看呀！ 书市期间入园免费，进了公园就能看到密密麻麻的摊位，而今天虽然是工作日，但逛书市的人仍然非常多，不少热门摊位都挤得水泄不通，一眼就找回了十几年前逛书市的感觉。从西门进公园，一进门就是中国书店的摊位，有图书、有文创、有音像制品，绵延几条街，肯定是书市里规模最大、人气最旺的一家了。整个公园里除了祭坛周边和公园东北角健身活动的园区，其它地方几乎全部排满了各种各样的摊位，十分壮观
玉渊潭公园,北京市海淀区西三环中路10号,4.7,(1313条点评),https://dimg04.c-ctrip.com/images/fd/tg/g1/M09/C8/64/CghzflWwvBaAZfsSAAiGdYykDf4424_C_220_140.jpg,白猫警长,来首都北京游玩，玉渊潭公园是必去景点，也是全国有名的打卡圣地!一进园就看到了一对鸳鸯戏水，很开心，也预示着愿所有的有情人终成眷属!紧接着就是一片片花海，看的我们那是如痴如醉!拍照留念的也是一波接着一波，看着一张张照片就像一幅幅作品一样，在这样的环境下游玩，让人们的心情也变得更加的美丽!
富国海底世界,北京市朝阳区工体南路工人体育场南门,4.1,(2484条点评),https://dimg04.c-ctrip.com/images/01072120009v6ob03D185_C_220_140.jpg,ballan,市区里非常不错的海底世界，里面有电梯，不用自己走路就能把整个海底隧道逛完。鱼的种类很多，还有喂食表演。海狮表演很精彩，孩子很喜欢。值得再去。
纪晓岚故居,北京市西城区珠市口西大街241号,4.3,(224条点评),https://dimg04.c-ctrip.com/images/3508170000012p032807B_C_220_140.jpg,老少皆宜程,在北京西城区的闹市区还隐藏着宝藏景点，这就是在珠市口西大街上的“纪晓岚故居”。这个历史文化景点距离前门和大栅栏比较近，可以一起来游玩儿。纪晓岚故居面积不大，但是文化氛围浓厚，这里有书店和阅览室，还有讲解员介绍内容。这里值得来看看，在携程上可以预约购票。
悬空玻璃艺术馆,北京市东城区王府井大街银泰in88二层南侧,3.5,(116条点评),https://dimg04.c-ctrip.com/images/1lo7012000cmf0bduC11D_C_220_140.jpg,M52****7301,还行吧，排队的人很多，里面是个小屋，能坐十几个人，就是坐在哪里看，就像四D电影一样，全程不到二十分钟吧！去一次就不想再去了！
烟袋斜街,北京市西城区地安门外大街48号,4.5,(521条点评),https://dimg04.c-ctrip.com/images/10011f000001h35ckE9BA_C_220_140.jpg,M32****8796,位于后海旁边的一条很有特色的小街，可以感受北京古老的胡同文化。街上有各种小吃、服饰、土特产品和纪念品。人挺多的，可以去感受一下。
北京刘老根大舞台,北京市东城区小江胡同34号（原阳平会馆）,4.3,(146条点评),https://dimg04.c-ctrip.com/images/100l1f000001gqe9008DE_C_220_140.jpg,快乐的小飞哥啊,北京刘老根大舞台，位于北京市东城区前门东街南口附近，小江胡同34、36号，本山传媒将原阳平会馆戏楼改建，于2009年5月2日举办开业典礼，迄今有14年。这是首次把东北地方戏剧二人转在首都舞台展示。
国家速滑馆,北京市朝阳区林萃路2号(近奥林匹克公园),4.8,(45条点评),https://dimg04.c-ctrip.com/images/0106w120009dzso3hDE17_C_220_140.jpg,YEY56,夏日避暑宝地，但不能久留，时间太长会让人瑟瑟发抖，开放的滑冰体验非常好，小朋友玩嗨了，我们在场外冷的跺脚，她在场内玩的满头大汗。很开心。
北京市档案馆,北京市朝阳区南磨房路31号,4.9,(141条点评),https://dimg04.c-ctrip.com/images/1lo3m12000cuu4ghdE152_C_220_140.jpg,西单大叔,好多人不知道这里也可以参观吧—— 北京市档案馆，在南磨房路北侧，之前是真的不知道原来这里也是可以入内参观的，而且还是个超大超丰富的博物馆，前几天偶尔看到别人发的内容才知道，作为资深的博物馆爱好者，赶紧上网预约，今天九点钟刚开门就进来了。这楼很气派，就是那种机关大楼的感觉，这要是行人路过谁能知道原来这里面也是可以参观的？参观是免费的，公众号上就可以预约，不预约是肯定进不来的，门口的大叔查得很严。 进来以后是五层楼，正对大门墙上是顶天立地一幅恢宏的墙画，主题是北京中轴线的一连串地标建筑。一、二、三、五层都有展厅，一层三个展厅，主要的一个主题展厅是讲北京的古今历史，从商周时建城，870年前的金中都成为北京作为国都的开始，直到近现代的抗争、解放与发展，从北京的地理、区划、历史、文化等等诸多方面全景展现了北京的方方面面，其中各个朝代各个时期的北京地图是我感兴趣的，分别在上面寻找我家的位置，另外展厅里有很多实景化的布置，使人身临其境的感觉，算是沉浸式体验了。还有特别值得提及的，就是在这里真的可以查到很多很多的历史档案，展厅里布置了很多交互设备，可以查询海量文献、书籍、资料，并且展示的形式动用了高科技的手段，知识性、趣味性、体验感都拉满，真是不虚此行。一层第二个展厅主要讲北京的解放和作为首都的建设与发展，第三个是个比较小的展厅，专门介绍李大钊同志的。二层一个展厅，专题介绍党在北京的发展，以及北京党组织在战争年代所做的贡献。三层一个主题展厅是展出古代档案珍品，这里面有很多非常珍贵的文物，可以看到从唐朝开始的各种档案资料，还有明朝的舆图、清朝的科举皇榜、康熙传位的诏书等等等等，重要文物都有视频设备进行讲解，展品非常吸引人，观展体验也非常好。现在三层还有一个关于北京统计机构成立70周年的展览，有兴趣可以看一看，在里面转了一圈还是了解到了很多以前不知道的知识。五层是体育相关的展览，讲奥运会的发展、90年北京亚运会、08年北京奥运会，也有一些珍贵的文物。 这五层七个展厅，今天还只是走马观花逛了一圈，也足足用了两个多小时，如果仔细参观的话一整天是需要的，这博物馆真是太棒了，馆舍高大宽敞、展出内容丰富、展品规格极高、展厅布置合理、互动体验感十足。但这么好的博物馆，居然人气寥寥，今天两个多小时参观过程中，就只遇到了其他三位观众，就是“包场参观”了！
什刹海冰场,北京市西城区前海西沿荷花市场游船码头,4.7,(236条点评),https://dimg04.c-ctrip.com/images/10010o000000ez17g305F_C_220_140.jpg,Yumi酱1030,对于南方迷你小土豆来说很开心的吧，因为上海都不下雪，更别说在冰上玩了，全程不想走…买的时候看了下抖音说的选择后海，看了下好像的确是后海的场地比较大，南方的小朋友我觉得挺推荐去玩的，毕竟没有嘛
昆明湖,北京市海淀区新建宫门路19号颐和园内,4.8,(408条点评),https://dimg04.c-ctrip.com/images/10010p000000ftdk87BDF_C_220_140.jpg,M40****9989,这是一处位于北京颐和园景区内的景点，宽阔的湖面，二十四孔桥再加上来往穿梭的游船！在首都北京有这样景色真是难得。【景色】北方江南，【趣味】皇家园林，【性价比】较高，游船才四十！
北京世园公园,北京市延庆区S220省道西边,4.6,(8464条点评),https://dimg04.c-ctrip.com/images/1lo1x12000bax09ptD0BE_C_220_140.jpg,冰咖啡彩虹糖,北京世园会公园即北京世园会园区，地处北京市生态涵养区美丽延庆，四季分明，自然风光秀丽，园区占地503公顷。春天，大片的林田和绿地给人以生机；夏天，妫水河畔，鸟语花香之间给人以悠然；秋日，层林尽染，碧水蓝天，让人心境豁然开朗；冬日，银装素裹，白雪皑皑，给人以纯净的自然体验。锦绣如意的中国馆、形似花海的国际馆、田园集市般的生活体验馆，有升起的地平之称的植物馆和绚丽生动的妫汭剧场，组成了世园会核心场馆。在国际园艺展示区，有各个异域风情浓重的国外展园；在中华园区展示区，保留着各省区市和港澳台地区富有当地特色的展园，让人目不暇接。植物馆作为以温室植物为主要展示的展馆，共有1千多种温室植物展出，更不乏一些难得一见的植物，让人大开眼界。
中国紫檀博物馆,北京市朝阳区建国路23号（地铁1号线高碑店站A1口出站西行400米）,4.8,(352条点评),https://dimg04.c-ctrip.com/images/10060z000000mivw48BC0_C_220_140.jpg,M29****892,中国紫檀博物馆在北京市朝阳区，展出了990件紫檀、金丝楠木黄花梨木的雕刻家具，有紫檀雕刻的天坛，北京四合院，紫檀雕刻的王府，也有紫檀和阴沉木雕刻的永定门，各种各样的雕花家具都非常精致漂亮！有紫檀雕刻的龙椅宝座，清明上河图，百骏图等。 中国紫檀博物馆共有四层展厅，我们用了三个多小时看完全部展出的紫檀雕刻家具。也展出了一些紫檀博物馆馆长陈丽华女士的画作，和陈丽华女士的荣誉证书等等。
